--
-- PostgreSQL database dump
--

-- Dumped from database version 15.6
-- Dumped by pg_dump version 15.6

SET statement_timeout = 0;
SET lock_timeout = 0;
SET idle_in_transaction_session_timeout = 0;
SET client_encoding = 'UTF8';
SET standard_conforming_strings = on;
SELECT pg_catalog.set_config('search_path', '', false);
SET check_function_bodies = false;
SET xmloption = content;
SET client_min_messages = warning;
SET row_security = off;

SET default_tablespace = '';

SET default_table_access_method = heap;

--
-- Name: auth_group; Type: TABLE; Schema: public; Owner: postgres
--

CREATE TABLE public.auth_group (
    id integer NOT NULL,
    name character varying(150) NOT NULL
);


ALTER TABLE public.auth_group OWNER TO postgres;

--
-- Name: auth_group_id_seq; Type: SEQUENCE; Schema: public; Owner: postgres
--

ALTER TABLE public.auth_group ALTER COLUMN id ADD GENERATED BY DEFAULT AS IDENTITY (
    SEQUENCE NAME public.auth_group_id_seq
    START WITH 1
    INCREMENT BY 1
    NO MINVALUE
    NO MAXVALUE
    CACHE 1
);


--
-- Name: auth_group_permissions; Type: TABLE; Schema: public; Owner: postgres
--

CREATE TABLE public.auth_group_permissions (
    id bigint NOT NULL,
    group_id integer NOT NULL,
    permission_id integer NOT NULL
);


ALTER TABLE public.auth_group_permissions OWNER TO postgres;

--
-- Name: auth_group_permissions_id_seq; Type: SEQUENCE; Schema: public; Owner: postgres
--

ALTER TABLE public.auth_group_permissions ALTER COLUMN id ADD GENERATED BY DEFAULT AS IDENTITY (
    SEQUENCE NAME public.auth_group_permissions_id_seq
    START WITH 1
    INCREMENT BY 1
    NO MINVALUE
    NO MAXVALUE
    CACHE 1
);


--
-- Name: auth_permission; Type: TABLE; Schema: public; Owner: postgres
--

CREATE TABLE public.auth_permission (
    id integer NOT NULL,
    name character varying(255) NOT NULL,
    content_type_id integer NOT NULL,
    codename character varying(100) NOT NULL
);


ALTER TABLE public.auth_permission OWNER TO postgres;

--
-- Name: auth_permission_id_seq; Type: SEQUENCE; Schema: public; Owner: postgres
--

ALTER TABLE public.auth_permission ALTER COLUMN id ADD GENERATED BY DEFAULT AS IDENTITY (
    SEQUENCE NAME public.auth_permission_id_seq
    START WITH 1
    INCREMENT BY 1
    NO MINVALUE
    NO MAXVALUE
    CACHE 1
);


--
-- Name: auth_user; Type: TABLE; Schema: public; Owner: postgres
--

CREATE TABLE public.auth_user (
    id integer NOT NULL,
    password character varying(128) NOT NULL,
    last_login timestamp with time zone,
    is_superuser boolean NOT NULL,
    username character varying(150) NOT NULL,
    first_name character varying(150) NOT NULL,
    last_name character varying(150) NOT NULL,
    email character varying(254) NOT NULL,
    is_staff boolean NOT NULL,
    is_active boolean NOT NULL,
    date_joined timestamp with time zone NOT NULL
);


ALTER TABLE public.auth_user OWNER TO postgres;

--
-- Name: auth_user_groups; Type: TABLE; Schema: public; Owner: postgres
--

CREATE TABLE public.auth_user_groups (
    id bigint NOT NULL,
    user_id integer NOT NULL,
    group_id integer NOT NULL
);


ALTER TABLE public.auth_user_groups OWNER TO postgres;

--
-- Name: auth_user_groups_id_seq; Type: SEQUENCE; Schema: public; Owner: postgres
--

ALTER TABLE public.auth_user_groups ALTER COLUMN id ADD GENERATED BY DEFAULT AS IDENTITY (
    SEQUENCE NAME public.auth_user_groups_id_seq
    START WITH 1
    INCREMENT BY 1
    NO MINVALUE
    NO MAXVALUE
    CACHE 1
);


--
-- Name: auth_user_id_seq; Type: SEQUENCE; Schema: public; Owner: postgres
--

ALTER TABLE public.auth_user ALTER COLUMN id ADD GENERATED BY DEFAULT AS IDENTITY (
    SEQUENCE NAME public.auth_user_id_seq
    START WITH 1
    INCREMENT BY 1
    NO MINVALUE
    NO MAXVALUE
    CACHE 1
);


--
-- Name: auth_user_user_permissions; Type: TABLE; Schema: public; Owner: postgres
--

CREATE TABLE public.auth_user_user_permissions (
    id bigint NOT NULL,
    user_id integer NOT NULL,
    permission_id integer NOT NULL
);


ALTER TABLE public.auth_user_user_permissions OWNER TO postgres;

--
-- Name: auth_user_user_permissions_id_seq; Type: SEQUENCE; Schema: public; Owner: postgres
--

ALTER TABLE public.auth_user_user_permissions ALTER COLUMN id ADD GENERATED BY DEFAULT AS IDENTITY (
    SEQUENCE NAME public.auth_user_user_permissions_id_seq
    START WITH 1
    INCREMENT BY 1
    NO MINVALUE
    NO MAXVALUE
    CACHE 1
);


--
-- Name: django_admin_log; Type: TABLE; Schema: public; Owner: postgres
--

CREATE TABLE public.django_admin_log (
    id integer NOT NULL,
    action_time timestamp with time zone NOT NULL,
    object_id text,
    object_repr character varying(200) NOT NULL,
    action_flag smallint NOT NULL,
    change_message text NOT NULL,
    content_type_id integer,
    user_id integer NOT NULL,
    CONSTRAINT django_admin_log_action_flag_check CHECK ((action_flag >= 0))
);


ALTER TABLE public.django_admin_log OWNER TO postgres;

--
-- Name: django_admin_log_id_seq; Type: SEQUENCE; Schema: public; Owner: postgres
--

ALTER TABLE public.django_admin_log ALTER COLUMN id ADD GENERATED BY DEFAULT AS IDENTITY (
    SEQUENCE NAME public.django_admin_log_id_seq
    START WITH 1
    INCREMENT BY 1
    NO MINVALUE
    NO MAXVALUE
    CACHE 1
);


--
-- Name: django_content_type; Type: TABLE; Schema: public; Owner: postgres
--

CREATE TABLE public.django_content_type (
    id integer NOT NULL,
    app_label character varying(100) NOT NULL,
    model character varying(100) NOT NULL
);


ALTER TABLE public.django_content_type OWNER TO postgres;

--
-- Name: django_content_type_id_seq; Type: SEQUENCE; Schema: public; Owner: postgres
--

ALTER TABLE public.django_content_type ALTER COLUMN id ADD GENERATED BY DEFAULT AS IDENTITY (
    SEQUENCE NAME public.django_content_type_id_seq
    START WITH 1
    INCREMENT BY 1
    NO MINVALUE
    NO MAXVALUE
    CACHE 1
);


--
-- Name: django_migrations; Type: TABLE; Schema: public; Owner: postgres
--

CREATE TABLE public.django_migrations (
    id bigint NOT NULL,
    app character varying(255) NOT NULL,
    name character varying(255) NOT NULL,
    applied timestamp with time zone NOT NULL
);


ALTER TABLE public.django_migrations OWNER TO postgres;

--
-- Name: django_migrations_id_seq; Type: SEQUENCE; Schema: public; Owner: postgres
--

ALTER TABLE public.django_migrations ALTER COLUMN id ADD GENERATED BY DEFAULT AS IDENTITY (
    SEQUENCE NAME public.django_migrations_id_seq
    START WITH 1
    INCREMENT BY 1
    NO MINVALUE
    NO MAXVALUE
    CACHE 1
);


--
-- Name: django_session; Type: TABLE; Schema: public; Owner: postgres
--

CREATE TABLE public.django_session (
    session_key character varying(40) NOT NULL,
    session_data text NOT NULL,
    expire_date timestamp with time zone NOT NULL
);


ALTER TABLE public.django_session OWNER TO postgres;

--
-- Name: webapp_bitacora; Type: TABLE; Schema: public; Owner: postgres
--

CREATE TABLE public.webapp_bitacora (
    id bigint NOT NULL,
    action character varying(255) NOT NULL,
    path character varying(255) NOT NULL,
    method character varying(10) NOT NULL,
    "timestamp" timestamp with time zone NOT NULL,
    user_id integer
);


ALTER TABLE public.webapp_bitacora OWNER TO postgres;

--
-- Name: webapp_bitacora_id_seq; Type: SEQUENCE; Schema: public; Owner: postgres
--

ALTER TABLE public.webapp_bitacora ALTER COLUMN id ADD GENERATED BY DEFAULT AS IDENTITY (
    SEQUENCE NAME public.webapp_bitacora_id_seq
    START WITH 1
    INCREMENT BY 1
    NO MINVALUE
    NO MAXVALUE
    CACHE 1
);


--
-- Name: webapp_cargo; Type: TABLE; Schema: public; Owner: postgres
--

CREATE TABLE public.webapp_cargo (
    id bigint NOT NULL,
    nombre_cargo character varying(100) NOT NULL
);


ALTER TABLE public.webapp_cargo OWNER TO postgres;

--
-- Name: webapp_cargo_id_seq; Type: SEQUENCE; Schema: public; Owner: postgres
--

ALTER TABLE public.webapp_cargo ALTER COLUMN id ADD GENERATED BY DEFAULT AS IDENTITY (
    SEQUENCE NAME public.webapp_cargo_id_seq
    START WITH 1
    INCREMENT BY 1
    NO MINVALUE
    NO MAXVALUE
    CACHE 1
);


--
-- Name: webapp_persona; Type: TABLE; Schema: public; Owner: postgres
--

CREATE TABLE public.webapp_persona (
    id bigint NOT NULL,
    nombre character varying(100),
    apellido_paterno character varying(100),
    apellido_materno character varying(100),
    ci character varying(100),
    image character varying(100) NOT NULL,
    user_id integer NOT NULL
);


ALTER TABLE public.webapp_persona OWNER TO postgres;

--
-- Name: webapp_persona_id_seq; Type: SEQUENCE; Schema: public; Owner: postgres
--

ALTER TABLE public.webapp_persona ALTER COLUMN id ADD GENERATED BY DEFAULT AS IDENTITY (
    SEQUENCE NAME public.webapp_persona_id_seq
    START WITH 1
    INCREMENT BY 1
    NO MINVALUE
    NO MAXVALUE
    CACHE 1
);


--
-- Name: webapp_secretaria; Type: TABLE; Schema: public; Owner: postgres
--

CREATE TABLE public.webapp_secretaria (
    id bigint NOT NULL,
    nombre_secretaria character varying(100) NOT NULL
);


ALTER TABLE public.webapp_secretaria OWNER TO postgres;

--
-- Name: webapp_secretaria_id_seq; Type: SEQUENCE; Schema: public; Owner: postgres
--

ALTER TABLE public.webapp_secretaria ALTER COLUMN id ADD GENERATED BY DEFAULT AS IDENTITY (
    SEQUENCE NAME public.webapp_secretaria_id_seq
    START WITH 1
    INCREMENT BY 1
    NO MINVALUE
    NO MAXVALUE
    CACHE 1
);


--
-- Name: webapp_unidad; Type: TABLE; Schema: public; Owner: postgres
--

CREATE TABLE public.webapp_unidad (
    id bigint NOT NULL,
    nombre_unidad character varying(100) NOT NULL,
    nombre_secretaria_id bigint
);


ALTER TABLE public.webapp_unidad OWNER TO postgres;

--
-- Name: webapp_unidad_id_seq; Type: SEQUENCE; Schema: public; Owner: postgres
--

ALTER TABLE public.webapp_unidad ALTER COLUMN id ADD GENERATED BY DEFAULT AS IDENTITY (
    SEQUENCE NAME public.webapp_unidad_id_seq
    START WITH 1
    INCREMENT BY 1
    NO MINVALUE
    NO MAXVALUE
    CACHE 1
);


--
-- Name: webapp_usuariocargounidad; Type: TABLE; Schema: public; Owner: postgres
--

CREATE TABLE public.webapp_usuariocargounidad (
    id bigint NOT NULL,
    fecha_inicio date NOT NULL,
    fecha_fin date,
    estado boolean NOT NULL,
    nombre_cargo_id bigint,
    nombre_unidad_id bigint,
    user_id integer NOT NULL
);


ALTER TABLE public.webapp_usuariocargounidad OWNER TO postgres;

--
-- Name: webapp_usuariocargounidad_id_seq; Type: SEQUENCE; Schema: public; Owner: postgres
--

ALTER TABLE public.webapp_usuariocargounidad ALTER COLUMN id ADD GENERATED BY DEFAULT AS IDENTITY (
    SEQUENCE NAME public.webapp_usuariocargounidad_id_seq
    START WITH 1
    INCREMENT BY 1
    NO MINVALUE
    NO MAXVALUE
    CACHE 1
);


--
-- Data for Name: auth_group; Type: TABLE DATA; Schema: public; Owner: postgres
--

COPY public.auth_group (id, name) FROM stdin;
1	SuperAdmin
2	Admin
\.


--
-- Data for Name: auth_group_permissions; Type: TABLE DATA; Schema: public; Owner: postgres
--

COPY public.auth_group_permissions (id, group_id, permission_id) FROM stdin;
1	1	1
2	1	2
3	1	3
4	1	4
5	1	5
6	1	6
7	1	7
8	1	8
9	1	9
10	1	10
11	1	11
12	1	12
13	1	13
14	1	14
15	1	15
16	1	16
17	1	17
18	1	18
19	1	19
20	1	20
21	1	21
22	1	22
23	1	23
24	1	24
25	1	25
26	1	26
27	1	27
28	1	28
29	1	29
30	1	30
31	1	31
32	1	32
33	1	33
34	1	34
35	1	35
36	1	36
37	1	37
38	1	38
39	1	39
40	1	40
41	1	41
42	1	42
43	1	43
44	1	44
45	2	16
46	2	12
47	2	20
\.


--
-- Data for Name: auth_permission; Type: TABLE DATA; Schema: public; Owner: postgres
--

COPY public.auth_permission (id, name, content_type_id, codename) FROM stdin;
1	Can add log entry	1	add_logentry
2	Can change log entry	1	change_logentry
3	Can delete log entry	1	delete_logentry
4	Can view log entry	1	view_logentry
5	Can add permission	2	add_permission
6	Can change permission	2	change_permission
7	Can delete permission	2	delete_permission
8	Can view permission	2	view_permission
9	Can add group	3	add_group
10	Can change group	3	change_group
11	Can delete group	3	delete_group
12	Can view group	3	view_group
13	Can add user	4	add_user
14	Can change user	4	change_user
15	Can delete user	4	delete_user
16	Can view user	4	view_user
17	Can add content type	5	add_contenttype
18	Can change content type	5	change_contenttype
19	Can delete content type	5	delete_contenttype
20	Can view content type	5	view_contenttype
21	Can add session	6	add_session
22	Can change session	6	change_session
23	Can delete session	6	delete_session
24	Can view session	6	view_session
25	Can add secretaria	7	add_secretaria
26	Can change secretaria	7	change_secretaria
27	Can delete secretaria	7	delete_secretaria
28	Can view secretaria	7	view_secretaria
29	Can add unidad	8	add_unidad
30	Can change unidad	8	change_unidad
31	Can delete unidad	8	delete_unidad
32	Can view unidad	8	view_unidad
33	Can add cargo	9	add_cargo
34	Can change cargo	9	change_cargo
35	Can delete cargo	9	delete_cargo
36	Can view cargo	9	view_cargo
37	Can add persona	10	add_persona
38	Can change persona	10	change_persona
39	Can delete persona	10	delete_persona
40	Can view persona	10	view_persona
41	Can add usuario cargo unidad	11	add_usuariocargounidad
42	Can change usuario cargo unidad	11	change_usuariocargounidad
43	Can delete usuario cargo unidad	11	delete_usuariocargounidad
44	Can view usuario cargo unidad	11	view_usuariocargounidad
45	Can add bitacora	12	add_bitacora
46	Can change bitacora	12	change_bitacora
47	Can delete bitacora	12	delete_bitacora
48	Can view bitacora	12	view_bitacora
\.


--
-- Data for Name: auth_user; Type: TABLE DATA; Schema: public; Owner: postgres
--

COPY public.auth_user (id, password, last_login, is_superuser, username, first_name, last_name, email, is_staff, is_active, date_joined) FROM stdin;
1	pbkdf2_sha256$600000$i9zn5xIgHy3TD5CfMRb0lZ$4Nll96/tWbY7zjy9yFANs+IULywBlE3XPIZsibSjLZ0=	2024-08-14 12:42:04.397824+00	t	admin	James	Arando	josearandodossantos11@gmail.com	t	t	2024-07-22 12:51:31.463525+00
4	pbkdf2_sha256$600000$iLsKIEKqkr2YcnZrg9bFIo$spXS0mXXX8XUM5WUuSqmFMyPZ6JW2/jp7bPLMQ3SQ5M=	2024-07-23 14:51:57.243818+00	f	lauratatiana			laura@gmail.com	f	t	2024-07-23 13:59:04.565761+00
2	pbkdf2_sha256$600000$yR4m6ETLOhHO1nwk1RAD5p$MQ/YO/MpymsJHzaPSuuze7Xo5Z5aKxIBqwDGlrAz8A8=	\N	f	filoM123			mamani@gmail.com	f	t	2024-07-23 13:50:37.468963+00
7	pbkdf2_sha256$600000$tLxqGUzdk8k91vzLr0umPu$gBMAPV0J6X0sgf4xOT18fzjHG8oX5OLWqIsdKNINHtQ=	\N	f	lizetanali			anali_liz@gmail.com	f	t	2024-07-31 15:02:48.401462+00
8	pbkdf2_sha256$600000$W7yCzeTEQGOVhlcJyXyPje$Xpgw+uXZPBOyG4a1NoNZ9PzvfZOARb5ZugW87j5a+s4=	\N	f	psyduck			zaida@gmail.com	f	t	2024-07-31 15:48:49.31579+00
3	pbkdf2_sha256$600000$QQj6cdEpSaVXlZKqmZ9qmW$An0lnUZnV7vTE7Zd0qo3CB+HLUifxvKN7sIgdKWBcOc=	\N	f	kike			kike123@gmail.com	f	f	2024-07-23 13:54:40.804878+00
5	pbkdf2_sha256$600000$4HQnnLXXcaxdCwzfHUt6PW$U82LnI63/uGxTT0Dkf/KTMe/LLCOzxUXlLsA8VUCC3k=	\N	f	guillermo12351			gillermoflores@gmail.com	f	f	2024-07-26 12:37:51.747001+00
6	pbkdf2_sha256$600000$6d82Z9Vk5PqG2OkkDhZgOv$aXnIbKLy2CuFnJL0j9UNBh0bcU8pSlhLplJRzxf4EkQ=	\N	f	miguelito1			miguel@gmail.com	f	f	2024-07-30 14:46:58.959226+00
10	pbkdf2_sha256$600000$0SVVAPdsr8d3eDN4FF6xYQ$1qg/GqvBdZ2jFd2pbuNzhSuEI63v1VLL1HNC2tr5sqA=	\N	f	alinaGober			alinagober@gmail.com	f	t	2024-08-12 13:19:37.697635+00
11	pbkdf2_sha256$600000$inHW4ZPxaSrR6L9GXuiqgY$wcIQPjw2BGelucYGuQsCmf4MgSae/NDWCbdLYWc+Vac=	\N	f	elbicho			cr7ronaldo@gmail.com	f	t	2024-08-12 13:49:45.097267+00
12	pbkdf2_sha256$600000$CZ8ZULEymqueBQFCimgfVo$asMSkKgEk0sjt7x/vuSVUrKoniBCjnjsbms6C5MC3dw=	\N	f	alexa24			alexa24perez@gmail.com	f	t	2024-08-12 14:41:24.249352+00
9	pbkdf2_sha256$600000$06QNqKELgPxzbPY1HGREIM$23QLEUqieX2g1MPgXQ2Tre0kw76P3nDV0mDq2gy9AqI=	2024-08-12 14:47:48.389896+00	f	gary98			gary@gmail.com	f	t	2024-08-12 12:44:48.198202+00
\.


--
-- Data for Name: auth_user_groups; Type: TABLE DATA; Schema: public; Owner: postgres
--

COPY public.auth_user_groups (id, user_id, group_id) FROM stdin;
1	2	2
2	3	2
3	4	2
4	5	2
5	6	2
6	7	2
7	8	2
8	9	2
9	10	2
10	11	2
11	12	2
\.


--
-- Data for Name: auth_user_user_permissions; Type: TABLE DATA; Schema: public; Owner: postgres
--

COPY public.auth_user_user_permissions (id, user_id, permission_id) FROM stdin;
\.


--
-- Data for Name: django_admin_log; Type: TABLE DATA; Schema: public; Owner: postgres
--

COPY public.django_admin_log (id, action_time, object_id, object_repr, action_flag, change_message, content_type_id, user_id) FROM stdin;
1	2024-07-22 12:54:58.075232+00	1	SuperAdmin	1	[{"added": {}}]	3	1
2	2024-07-22 12:56:47.214256+00	2	Admin	1	[{"added": {}}]	3	1
\.


--
-- Data for Name: django_content_type; Type: TABLE DATA; Schema: public; Owner: postgres
--

COPY public.django_content_type (id, app_label, model) FROM stdin;
1	admin	logentry
2	auth	permission
3	auth	group
4	auth	user
5	contenttypes	contenttype
6	sessions	session
7	webapp	secretaria
8	webapp	unidad
9	webapp	cargo
10	webapp	persona
11	webapp	usuariocargounidad
12	webapp	bitacora
\.


--
-- Data for Name: django_migrations; Type: TABLE DATA; Schema: public; Owner: postgres
--

COPY public.django_migrations (id, app, name, applied) FROM stdin;
1	contenttypes	0001_initial	2024-07-22 12:48:39.647053+00
2	auth	0001_initial	2024-07-22 12:48:39.785855+00
3	admin	0001_initial	2024-07-22 12:48:39.820139+00
4	admin	0002_logentry_remove_auto_add	2024-07-22 12:48:39.830141+00
5	admin	0003_logentry_add_action_flag_choices	2024-07-22 12:48:39.841376+00
6	contenttypes	0002_remove_content_type_name	2024-07-22 12:48:39.874685+00
7	auth	0002_alter_permission_name_max_length	2024-07-22 12:48:39.885564+00
8	auth	0003_alter_user_email_max_length	2024-07-22 12:48:39.894488+00
9	auth	0004_alter_user_username_opts	2024-07-22 12:48:39.905785+00
10	auth	0005_alter_user_last_login_null	2024-07-22 12:48:39.91507+00
11	auth	0006_require_contenttypes_0002	2024-07-22 12:48:39.919023+00
12	auth	0007_alter_validators_add_error_messages	2024-07-22 12:48:39.928618+00
13	auth	0008_alter_user_username_max_length	2024-07-22 12:48:39.944765+00
14	auth	0009_alter_user_last_name_max_length	2024-07-22 12:48:39.957014+00
15	auth	0010_alter_group_name_max_length	2024-07-22 12:48:39.966847+00
16	auth	0011_update_proxy_permissions	2024-07-22 12:48:39.975231+00
17	auth	0012_alter_user_first_name_max_length	2024-07-22 12:48:39.984504+00
18	sessions	0001_initial	2024-07-22 12:48:40.003617+00
19	webapp	0001_initial	2024-07-22 12:48:40.055023+00
20	webapp	0002_cargo_persona_usuariocargounidad_and_more	2024-07-22 12:48:40.171741+00
21	webapp	0003_bitacora	2024-08-09 14:02:51.475661+00
22	webapp	0004_alter_usuariocargounidad_fecha_inicio	2024-08-14 12:37:39.738923+00
\.


--
-- Data for Name: django_session; Type: TABLE DATA; Schema: public; Owner: postgres
--

COPY public.django_session (session_key, session_data, expire_date) FROM stdin;
71e2phz7708v4zkkk7ixpdi4vzslsa7b	.eJxVjMsOwiAURP-FtSG8BOrSvd9A7oNK1UBS2pXx322TLnQ3mXNm3iLBupS09jynicVFaHH67RDomesO-AH13iS1uswTyl2RB-3y1ji_rof7d1Cgl20NESlrcjoSUVYaQjTkCLZoBm0DOzTmzKjHwaDz7IPNo_LeogIfOYrPF_tzOBs:1sXK6D:Ad0_xEj6Zjp_lczDFUe4HZmtZEQ-7MZEm-NGbdhi9LA	2024-08-09 12:31:05.270128+00
8o1yollek7u5pkbesuu95g7kqfwy9udp	.eJxVjMsOwiAURP-FtSG8BOrSvd9A7oNK1UBS2pXx322TLnQ3mXNm3iLBupS09jynicVFaHH67RDomesO-AH13iS1uswTyl2RB-3y1ji_rof7d1Cgl20NESlrcjoSUVYaQjTkCLZoBm0DOzTmzKjHwaDz7IPNo_LeogIfOYrPF_tzOBs:1seDKG:MFCCWrW4LCSW1TopgGlPA6hWZWXVxLOaRRAr9yv5xIo	2024-08-28 12:42:04.413847+00
\.


--
-- Data for Name: webapp_bitacora; Type: TABLE DATA; Schema: public; Owner: postgres
--

COPY public.webapp_bitacora (id, action, path, method, "timestamp", user_id) FROM stdin;
1	POST /webapp/login/	/webapp/login/	POST	2024-08-12 14:36:43.780055+00	1
2	GET /webapp/index/	/webapp/index/	GET	2024-08-12 14:36:43.865459+00	1
3	GET /webapp/bitacora/	/webapp/bitacora/	GET	2024-08-12 14:36:46.478598+00	1
4	GET /webapp/listUser/	/webapp/listUser/	GET	2024-08-12 14:38:56.400729+00	1
5	GET /webapp/register/	/webapp/register/	GET	2024-08-12 14:38:59.515727+00	1
6	POST /webapp/register/	/webapp/register/	POST	2024-08-12 14:40:53.790142+00	1
7	GET /webapp/register/	/webapp/register/	GET	2024-08-12 14:41:04.998603+00	1
8	POST /webapp/register/	/webapp/register/	POST	2024-08-12 14:41:24.742374+00	1
9	GET /webapp/viewUser/12/	/webapp/viewUser/12/	GET	2024-08-12 14:41:24.845705+00	1
10	GET /media/profile_pics/psyduck_1p6VLC5.webp	/media/profile_pics/psyduck_1p6VLC5.webp	GET	2024-08-12 14:41:24.978481+00	1
11	GET /webapp/bitacora/	/webapp/bitacora/	GET	2024-08-12 14:41:29.139514+00	1
12	POST /webapp/login/	/webapp/login/	POST	2024-08-12 14:47:48.392955+00	9
13	GET /webapp/index/	/webapp/index/	GET	2024-08-12 14:47:48.47418+00	9
14	GET /webapp/bitacora/	/webapp/bitacora/	GET	2024-08-12 14:47:50.690303+00	9
15	GET /webapp/register/	/webapp/register/	GET	2024-08-12 14:48:03.601934+00	9
16	GET /webapp/listUser/	/webapp/listUser/	GET	2024-08-12 14:48:09.282391+00	9
17	GET /webapp/listUser/	/webapp/listUser/	GET	2024-08-12 14:48:17.1539+00	9
18	GET /webapp/bitacora/	/webapp/bitacora/	GET	2024-08-12 14:48:28.584459+00	9
19	GET /webapp/bitacora/	/webapp/bitacora/	GET	2024-08-12 14:59:43.291508+00	9
20	GET /webapp/bitacora/widgets.html	/webapp/bitacora/widgets.html	GET	2024-08-12 14:59:50.305239+00	9
21	GET /webapp/bitacora/	/webapp/bitacora/	GET	2024-08-12 14:59:53.316836+00	9
22	GET /webapp/bitacora/	/webapp/bitacora/	GET	2024-08-12 15:01:15.214658+00	9
23	GET /webapp/bitacora/	/webapp/bitacora/	GET	2024-08-12 15:07:32.461225+00	9
24	GET /webapp/bitacora/backup_database	/webapp/bitacora/backup_database	GET	2024-08-12 15:07:34.297685+00	9
25	GET /webapp/bitacora/	/webapp/bitacora/	GET	2024-08-12 15:09:01.539701+00	9
26	GET /webapp/bitacora/backup_database	/webapp/bitacora/backup_database	GET	2024-08-12 15:09:03.027963+00	9
27	GET /webapp/bitacora/	/webapp/bitacora/	GET	2024-08-12 15:19:50.67413+00	9
28	GET /webapp/bitacora/	/webapp/bitacora/	GET	2024-08-12 15:20:05.947515+00	9
29	GET /webapp/backup/	/webapp/backup/	GET	2024-08-12 15:20:09.671326+00	9
30	GET /webapp/bitacora/	/webapp/bitacora/	GET	2024-08-12 15:24:34.0544+00	9
31	GET /webapp/backup/	/webapp/backup/	GET	2024-08-12 15:24:37.358783+00	9
32	GET /webapp/bitacora/	/webapp/bitacora/	GET	2024-08-12 15:38:05.187083+00	9
33	GET /webapp/backup/	/webapp/backup/	GET	2024-08-12 15:38:06.533311+00	9
34	GET /webapp/login/	/webapp/login/	GET	2024-08-13 15:11:33.227035+00	9
35	GET /favicon.ico	/favicon.ico	GET	2024-08-13 15:11:33.561641+00	9
36	POST /webapp/login/	/webapp/login/	POST	2024-08-13 15:11:40.491247+00	1
37	GET /webapp/index/	/webapp/index/	GET	2024-08-13 15:11:40.614345+00	1
38	GET /webapp/register/	/webapp/register/	GET	2024-08-13 15:11:48.183958+00	1
39	GET /webapp/backup/	/webapp/backup/	GET	2024-08-13 15:12:05.782337+00	1
40	GET /webapp/register/	/webapp/register/	GET	2024-08-13 15:12:49.521463+00	1
41	GET /webapp/bitacora/	/webapp/bitacora/	GET	2024-08-13 15:14:18.735657+00	1
42	GET /webapp/backup/	/webapp/backup/	GET	2024-08-13 15:15:14.224244+00	1
43	GET /webapp/bitacora/	/webapp/bitacora/	GET	2024-08-13 15:29:38.970095+00	1
44	GET /webapp/backup/	/webapp/backup/	GET	2024-08-13 15:30:37.885908+00	1
45	GET /webapp/bitacora/	/webapp/bitacora/	GET	2024-08-13 15:39:34.318398+00	1
46	GET /webapp/backup/	/webapp/backup/	GET	2024-08-13 15:39:36.231343+00	1
47	GET /webapp/login/	/webapp/login/	GET	2024-08-14 12:40:22.538023+00	1
48	GET /favicon.ico	/favicon.ico	GET	2024-08-14 12:40:22.918662+00	1
49	POST /webapp/login/	/webapp/login/	POST	2024-08-14 12:42:04.408621+00	1
50	GET /webapp/index/	/webapp/index/	GET	2024-08-14 12:42:04.549535+00	1
51	GET /webapp/backup/	/webapp/backup/	GET	2024-08-14 12:42:12.262755+00	1
\.


--
-- Data for Name: webapp_cargo; Type: TABLE DATA; Schema: public; Owner: postgres
--

COPY public.webapp_cargo (id, nombre_cargo) FROM stdin;
1	SECRETARIO ADMINISTRATIVO
2	RESPONSABLE DE UNIDAD
3	PERSONAL
4	ADMINISTRADOR
5	ENCARGADO
6	DISEÑADOR
\.


--
-- Data for Name: webapp_persona; Type: TABLE DATA; Schema: public; Owner: postgres
--

COPY public.webapp_persona (id, nombre, apellido_paterno, apellido_materno, ci, image, user_id) FROM stdin;
2	Enrique	Pari	Aguilar	1251322	default.jpg	3
3	Laura Tatiana	Aguilar	Cortez	8231742	default.jpg	4
4	Guillermo	Cordero	Pereira	56213728	default.jpg	5
5	Miguel	Acho	Cortez	1233141	default.jpg	6
1	Filomeno	Mamani	Fortunato	12373290	default.jpg	2
6	Lizeth Analy	Condori	Quispe	8361236	default.jpg	7
7	Zaida	Araca	Villca	4523465	profile_pics/carman.png	8
8	Gary	Cordero	Zambrano	5873933	profile_pics/archivos.jpg	9
9	Alina	Aguilar	Flores	35146612	profile_pics/carman.png	10
10	Cristiano Ronaldo	Aveiro	Dos Santos	7452332	profile_pics/psyduck.webp	11
11	Alexandra	Perez	Garcia	8263123	profile_pics/psyduck_1p6VLC5.webp	12
\.


--
-- Data for Name: webapp_secretaria; Type: TABLE DATA; Schema: public; Owner: postgres
--

COPY public.webapp_secretaria (id, nombre_secretaria) FROM stdin;
1	SECRETARIA DEP. JURIDICA
2	SECRETARIA DEP. ADMINISTRATIVA FINANCIERA
3	SECRETARIA DEP. DE DESARROLLO HUMANO
4	SECRETARÍA DEP. DE PLANIFICACIÓN DEL DESARROLLO
5	SECRETARIA DEP. DE LA MADRE TIERRA
\.


--
-- Data for Name: webapp_unidad; Type: TABLE DATA; Schema: public; Owner: postgres
--

COPY public.webapp_unidad (id, nombre_unidad, nombre_secretaria_id) FROM stdin;
1	JEFE DE UNIDAD JURIDICA	1
2	ASESOR ADMINISTRATIVO SAF	2
3	ASESOR LEGAL SAF	2
4	IMPLANTACION SAF	2
5	UNIDAD DE RECURSOS HUMANOS SAF	2
6	IDTGB	2
7	UNIDAD ADMINISTRATIVA SAF	2
8	UNIDAD FINANCIERA SAF	2
9	SISTEMAS UF	2
10	CONTRATACIONES SAF	2
11	BIENES Y SERVICIOS UA SAF	2
12	ACTIVOS FIJOS UA	2
13	ALMACENES UA	2
14	MANTENIMIENTO UA	2
15	ARCHIVOS UA	2
16	PRESUPUESTOS UF	2
17	PINOS TERMINAL UF	2
18	TESORERIA UF	2
19	CRÉDITO PUBLICO UF	2
20	HABILITADO UF	2
21	LIQUIDADOR INGRESOS UF	2
22	CONTABILIDAD UF	2
23	LIQUIDADOR CONTABLE UF	2
24	ANALISTAS CONTABLES UF	2
25	KARDIXTA UF	2
26	ASISTENTE CONTABLE UF	2
27	CODEPEDIS	3
28	COORDINADOR INTERSECTORIAL	3
29	AREA SOCIAL GENERO	3
30	SERVICIO DEPTAL. DE DEPORTES “SE.DE.DE”	3
31	SERVICIO DEP.DE GESTIÓN SOCIAL “SEDEGES”	3
32	SERVICIO DEPARTAMENTAL DE SALUD “SEDES”	3
\.


--
-- Data for Name: webapp_usuariocargounidad; Type: TABLE DATA; Schema: public; Owner: postgres
--

COPY public.webapp_usuariocargounidad (id, fecha_inicio, fecha_fin, estado, nombre_cargo_id, nombre_unidad_id, user_id) FROM stdin;
3	2024-07-15	2024-08-31	t	1	8	4
1	2024-07-29	2024-08-29	t	1	4	2
6	2024-07-31	\N	f	3	9	7
7	2024-07-31	\N	f	4	1	8
2	2024-07-23	2024-08-23	f	1	5	3
4	2024-07-26	2024-09-30	f	1	3	5
5	2024-07-30	2024-09-29	f	3	3	6
8	2024-08-12	\N	f	6	9	9
9	2024-08-12	\N	f	3	13	10
10	2024-08-12	\N	f	5	30	11
11	2024-08-12	\N	f	3	27	12
\.


--
-- Name: auth_group_id_seq; Type: SEQUENCE SET; Schema: public; Owner: postgres
--

SELECT pg_catalog.setval('public.auth_group_id_seq', 2, true);


--
-- Name: auth_group_permissions_id_seq; Type: SEQUENCE SET; Schema: public; Owner: postgres
--

SELECT pg_catalog.setval('public.auth_group_permissions_id_seq', 47, true);


--
-- Name: auth_permission_id_seq; Type: SEQUENCE SET; Schema: public; Owner: postgres
--

SELECT pg_catalog.setval('public.auth_permission_id_seq', 48, true);


--
-- Name: auth_user_groups_id_seq; Type: SEQUENCE SET; Schema: public; Owner: postgres
--

SELECT pg_catalog.setval('public.auth_user_groups_id_seq', 11, true);


--
-- Name: auth_user_id_seq; Type: SEQUENCE SET; Schema: public; Owner: postgres
--

SELECT pg_catalog.setval('public.auth_user_id_seq', 12, true);


--
-- Name: auth_user_user_permissions_id_seq; Type: SEQUENCE SET; Schema: public; Owner: postgres
--

SELECT pg_catalog.setval('public.auth_user_user_permissions_id_seq', 1, false);


--
-- Name: django_admin_log_id_seq; Type: SEQUENCE SET; Schema: public; Owner: postgres
--

SELECT pg_catalog.setval('public.django_admin_log_id_seq', 2, true);


--
-- Name: django_content_type_id_seq; Type: SEQUENCE SET; Schema: public; Owner: postgres
--

SELECT pg_catalog.setval('public.django_content_type_id_seq', 12, true);


--
-- Name: django_migrations_id_seq; Type: SEQUENCE SET; Schema: public; Owner: postgres
--

SELECT pg_catalog.setval('public.django_migrations_id_seq', 22, true);


--
-- Name: webapp_bitacora_id_seq; Type: SEQUENCE SET; Schema: public; Owner: postgres
--

SELECT pg_catalog.setval('public.webapp_bitacora_id_seq', 51, true);


--
-- Name: webapp_cargo_id_seq; Type: SEQUENCE SET; Schema: public; Owner: postgres
--

SELECT pg_catalog.setval('public.webapp_cargo_id_seq', 6, true);


--
-- Name: webapp_persona_id_seq; Type: SEQUENCE SET; Schema: public; Owner: postgres
--

SELECT pg_catalog.setval('public.webapp_persona_id_seq', 11, true);


--
-- Name: webapp_secretaria_id_seq; Type: SEQUENCE SET; Schema: public; Owner: postgres
--

SELECT pg_catalog.setval('public.webapp_secretaria_id_seq', 4, true);


--
-- Name: webapp_unidad_id_seq; Type: SEQUENCE SET; Schema: public; Owner: postgres
--

SELECT pg_catalog.setval('public.webapp_unidad_id_seq', 32, true);


--
-- Name: webapp_usuariocargounidad_id_seq; Type: SEQUENCE SET; Schema: public; Owner: postgres
--

SELECT pg_catalog.setval('public.webapp_usuariocargounidad_id_seq', 11, true);


--
-- Name: auth_group auth_group_name_key; Type: CONSTRAINT; Schema: public; Owner: postgres
--

ALTER TABLE ONLY public.auth_group
    ADD CONSTRAINT auth_group_name_key UNIQUE (name);


--
-- Name: auth_group_permissions auth_group_permissions_group_id_permission_id_0cd325b0_uniq; Type: CONSTRAINT; Schema: public; Owner: postgres
--

ALTER TABLE ONLY public.auth_group_permissions
    ADD CONSTRAINT auth_group_permissions_group_id_permission_id_0cd325b0_uniq UNIQUE (group_id, permission_id);


--
-- Name: auth_group_permissions auth_group_permissions_pkey; Type: CONSTRAINT; Schema: public; Owner: postgres
--

ALTER TABLE ONLY public.auth_group_permissions
    ADD CONSTRAINT auth_group_permissions_pkey PRIMARY KEY (id);


--
-- Name: auth_group auth_group_pkey; Type: CONSTRAINT; Schema: public; Owner: postgres
--

ALTER TABLE ONLY public.auth_group
    ADD CONSTRAINT auth_group_pkey PRIMARY KEY (id);


--
-- Name: auth_permission auth_permission_content_type_id_codename_01ab375a_uniq; Type: CONSTRAINT; Schema: public; Owner: postgres
--

ALTER TABLE ONLY public.auth_permission
    ADD CONSTRAINT auth_permission_content_type_id_codename_01ab375a_uniq UNIQUE (content_type_id, codename);


--
-- Name: auth_permission auth_permission_pkey; Type: CONSTRAINT; Schema: public; Owner: postgres
--

ALTER TABLE ONLY public.auth_permission
    ADD CONSTRAINT auth_permission_pkey PRIMARY KEY (id);


--
-- Name: auth_user_groups auth_user_groups_pkey; Type: CONSTRAINT; Schema: public; Owner: postgres
--

ALTER TABLE ONLY public.auth_user_groups
    ADD CONSTRAINT auth_user_groups_pkey PRIMARY KEY (id);


--
-- Name: auth_user_groups auth_user_groups_user_id_group_id_94350c0c_uniq; Type: CONSTRAINT; Schema: public; Owner: postgres
--

ALTER TABLE ONLY public.auth_user_groups
    ADD CONSTRAINT auth_user_groups_user_id_group_id_94350c0c_uniq UNIQUE (user_id, group_id);


--
-- Name: auth_user auth_user_pkey; Type: CONSTRAINT; Schema: public; Owner: postgres
--

ALTER TABLE ONLY public.auth_user
    ADD CONSTRAINT auth_user_pkey PRIMARY KEY (id);


--
-- Name: auth_user_user_permissions auth_user_user_permissions_pkey; Type: CONSTRAINT; Schema: public; Owner: postgres
--

ALTER TABLE ONLY public.auth_user_user_permissions
    ADD CONSTRAINT auth_user_user_permissions_pkey PRIMARY KEY (id);


--
-- Name: auth_user_user_permissions auth_user_user_permissions_user_id_permission_id_14a6b632_uniq; Type: CONSTRAINT; Schema: public; Owner: postgres
--

ALTER TABLE ONLY public.auth_user_user_permissions
    ADD CONSTRAINT auth_user_user_permissions_user_id_permission_id_14a6b632_uniq UNIQUE (user_id, permission_id);


--
-- Name: auth_user auth_user_username_key; Type: CONSTRAINT; Schema: public; Owner: postgres
--

ALTER TABLE ONLY public.auth_user
    ADD CONSTRAINT auth_user_username_key UNIQUE (username);


--
-- Name: django_admin_log django_admin_log_pkey; Type: CONSTRAINT; Schema: public; Owner: postgres
--

ALTER TABLE ONLY public.django_admin_log
    ADD CONSTRAINT django_admin_log_pkey PRIMARY KEY (id);


--
-- Name: django_content_type django_content_type_app_label_model_76bd3d3b_uniq; Type: CONSTRAINT; Schema: public; Owner: postgres
--

ALTER TABLE ONLY public.django_content_type
    ADD CONSTRAINT django_content_type_app_label_model_76bd3d3b_uniq UNIQUE (app_label, model);


--
-- Name: django_content_type django_content_type_pkey; Type: CONSTRAINT; Schema: public; Owner: postgres
--

ALTER TABLE ONLY public.django_content_type
    ADD CONSTRAINT django_content_type_pkey PRIMARY KEY (id);


--
-- Name: django_migrations django_migrations_pkey; Type: CONSTRAINT; Schema: public; Owner: postgres
--

ALTER TABLE ONLY public.django_migrations
    ADD CONSTRAINT django_migrations_pkey PRIMARY KEY (id);


--
-- Name: django_session django_session_pkey; Type: CONSTRAINT; Schema: public; Owner: postgres
--

ALTER TABLE ONLY public.django_session
    ADD CONSTRAINT django_session_pkey PRIMARY KEY (session_key);


--
-- Name: webapp_bitacora webapp_bitacora_pkey; Type: CONSTRAINT; Schema: public; Owner: postgres
--

ALTER TABLE ONLY public.webapp_bitacora
    ADD CONSTRAINT webapp_bitacora_pkey PRIMARY KEY (id);


--
-- Name: webapp_cargo webapp_cargo_pkey; Type: CONSTRAINT; Schema: public; Owner: postgres
--

ALTER TABLE ONLY public.webapp_cargo
    ADD CONSTRAINT webapp_cargo_pkey PRIMARY KEY (id);


--
-- Name: webapp_persona webapp_persona_pkey; Type: CONSTRAINT; Schema: public; Owner: postgres
--

ALTER TABLE ONLY public.webapp_persona
    ADD CONSTRAINT webapp_persona_pkey PRIMARY KEY (id);


--
-- Name: webapp_persona webapp_persona_user_id_key; Type: CONSTRAINT; Schema: public; Owner: postgres
--

ALTER TABLE ONLY public.webapp_persona
    ADD CONSTRAINT webapp_persona_user_id_key UNIQUE (user_id);


--
-- Name: webapp_secretaria webapp_secretaria_pkey; Type: CONSTRAINT; Schema: public; Owner: postgres
--

ALTER TABLE ONLY public.webapp_secretaria
    ADD CONSTRAINT webapp_secretaria_pkey PRIMARY KEY (id);


--
-- Name: webapp_unidad webapp_unidad_pkey; Type: CONSTRAINT; Schema: public; Owner: postgres
--

ALTER TABLE ONLY public.webapp_unidad
    ADD CONSTRAINT webapp_unidad_pkey PRIMARY KEY (id);


--
-- Name: webapp_usuariocargounidad webapp_usuariocargounidad_pkey; Type: CONSTRAINT; Schema: public; Owner: postgres
--

ALTER TABLE ONLY public.webapp_usuariocargounidad
    ADD CONSTRAINT webapp_usuariocargounidad_pkey PRIMARY KEY (id);


--
-- Name: webapp_usuariocargounidad webapp_usuariocargounidad_user_id_key; Type: CONSTRAINT; Schema: public; Owner: postgres
--

ALTER TABLE ONLY public.webapp_usuariocargounidad
    ADD CONSTRAINT webapp_usuariocargounidad_user_id_key UNIQUE (user_id);


--
-- Name: auth_group_name_a6ea08ec_like; Type: INDEX; Schema: public; Owner: postgres
--

CREATE INDEX auth_group_name_a6ea08ec_like ON public.auth_group USING btree (name varchar_pattern_ops);


--
-- Name: auth_group_permissions_group_id_b120cbf9; Type: INDEX; Schema: public; Owner: postgres
--

CREATE INDEX auth_group_permissions_group_id_b120cbf9 ON public.auth_group_permissions USING btree (group_id);


--
-- Name: auth_group_permissions_permission_id_84c5c92e; Type: INDEX; Schema: public; Owner: postgres
--

CREATE INDEX auth_group_permissions_permission_id_84c5c92e ON public.auth_group_permissions USING btree (permission_id);


--
-- Name: auth_permission_content_type_id_2f476e4b; Type: INDEX; Schema: public; Owner: postgres
--

CREATE INDEX auth_permission_content_type_id_2f476e4b ON public.auth_permission USING btree (content_type_id);


--
-- Name: auth_user_groups_group_id_97559544; Type: INDEX; Schema: public; Owner: postgres
--

CREATE INDEX auth_user_groups_group_id_97559544 ON public.auth_user_groups USING btree (group_id);


--
-- Name: auth_user_groups_user_id_6a12ed8b; Type: INDEX; Schema: public; Owner: postgres
--

CREATE INDEX auth_user_groups_user_id_6a12ed8b ON public.auth_user_groups USING btree (user_id);


--
-- Name: auth_user_user_permissions_permission_id_1fbb5f2c; Type: INDEX; Schema: public; Owner: postgres
--

CREATE INDEX auth_user_user_permissions_permission_id_1fbb5f2c ON public.auth_user_user_permissions USING btree (permission_id);


--
-- Name: auth_user_user_permissions_user_id_a95ead1b; Type: INDEX; Schema: public; Owner: postgres
--

CREATE INDEX auth_user_user_permissions_user_id_a95ead1b ON public.auth_user_user_permissions USING btree (user_id);


--
-- Name: auth_user_username_6821ab7c_like; Type: INDEX; Schema: public; Owner: postgres
--

CREATE INDEX auth_user_username_6821ab7c_like ON public.auth_user USING btree (username varchar_pattern_ops);


--
-- Name: django_admin_log_content_type_id_c4bce8eb; Type: INDEX; Schema: public; Owner: postgres
--

CREATE INDEX django_admin_log_content_type_id_c4bce8eb ON public.django_admin_log USING btree (content_type_id);


--
-- Name: django_admin_log_user_id_c564eba6; Type: INDEX; Schema: public; Owner: postgres
--

CREATE INDEX django_admin_log_user_id_c564eba6 ON public.django_admin_log USING btree (user_id);


--
-- Name: django_session_expire_date_a5c62663; Type: INDEX; Schema: public; Owner: postgres
--

CREATE INDEX django_session_expire_date_a5c62663 ON public.django_session USING btree (expire_date);


--
-- Name: django_session_session_key_c0390e0f_like; Type: INDEX; Schema: public; Owner: postgres
--

CREATE INDEX django_session_session_key_c0390e0f_like ON public.django_session USING btree (session_key varchar_pattern_ops);


--
-- Name: webapp_bitacora_user_id_1f256b68; Type: INDEX; Schema: public; Owner: postgres
--

CREATE INDEX webapp_bitacora_user_id_1f256b68 ON public.webapp_bitacora USING btree (user_id);


--
-- Name: webapp_unidad_nombre_secretaria_id_54b8e13e; Type: INDEX; Schema: public; Owner: postgres
--

CREATE INDEX webapp_unidad_nombre_secretaria_id_54b8e13e ON public.webapp_unidad USING btree (nombre_secretaria_id);


--
-- Name: webapp_usuariocargounidad_nombre_cargo_id_d42cde0b; Type: INDEX; Schema: public; Owner: postgres
--

CREATE INDEX webapp_usuariocargounidad_nombre_cargo_id_d42cde0b ON public.webapp_usuariocargounidad USING btree (nombre_cargo_id);


--
-- Name: webapp_usuariocargounidad_nombre_unidad_id_5ccadb4d; Type: INDEX; Schema: public; Owner: postgres
--

CREATE INDEX webapp_usuariocargounidad_nombre_unidad_id_5ccadb4d ON public.webapp_usuariocargounidad USING btree (nombre_unidad_id);


--
-- Name: auth_group_permissions auth_group_permissio_permission_id_84c5c92e_fk_auth_perm; Type: FK CONSTRAINT; Schema: public; Owner: postgres
--

ALTER TABLE ONLY public.auth_group_permissions
    ADD CONSTRAINT auth_group_permissio_permission_id_84c5c92e_fk_auth_perm FOREIGN KEY (permission_id) REFERENCES public.auth_permission(id) DEFERRABLE INITIALLY DEFERRED;


--
-- Name: auth_group_permissions auth_group_permissions_group_id_b120cbf9_fk_auth_group_id; Type: FK CONSTRAINT; Schema: public; Owner: postgres
--

ALTER TABLE ONLY public.auth_group_permissions
    ADD CONSTRAINT auth_group_permissions_group_id_b120cbf9_fk_auth_group_id FOREIGN KEY (group_id) REFERENCES public.auth_group(id) DEFERRABLE INITIALLY DEFERRED;


--
-- Name: auth_permission auth_permission_content_type_id_2f476e4b_fk_django_co; Type: FK CONSTRAINT; Schema: public; Owner: postgres
--

ALTER TABLE ONLY public.auth_permission
    ADD CONSTRAINT auth_permission_content_type_id_2f476e4b_fk_django_co FOREIGN KEY (content_type_id) REFERENCES public.django_content_type(id) DEFERRABLE INITIALLY DEFERRED;


--
-- Name: auth_user_groups auth_user_groups_group_id_97559544_fk_auth_group_id; Type: FK CONSTRAINT; Schema: public; Owner: postgres
--

ALTER TABLE ONLY public.auth_user_groups
    ADD CONSTRAINT auth_user_groups_group_id_97559544_fk_auth_group_id FOREIGN KEY (group_id) REFERENCES public.auth_group(id) DEFERRABLE INITIALLY DEFERRED;


--
-- Name: auth_user_groups auth_user_groups_user_id_6a12ed8b_fk_auth_user_id; Type: FK CONSTRAINT; Schema: public; Owner: postgres
--

ALTER TABLE ONLY public.auth_user_groups
    ADD CONSTRAINT auth_user_groups_user_id_6a12ed8b_fk_auth_user_id FOREIGN KEY (user_id) REFERENCES public.auth_user(id) DEFERRABLE INITIALLY DEFERRED;


--
-- Name: auth_user_user_permissions auth_user_user_permi_permission_id_1fbb5f2c_fk_auth_perm; Type: FK CONSTRAINT; Schema: public; Owner: postgres
--

ALTER TABLE ONLY public.auth_user_user_permissions
    ADD CONSTRAINT auth_user_user_permi_permission_id_1fbb5f2c_fk_auth_perm FOREIGN KEY (permission_id) REFERENCES public.auth_permission(id) DEFERRABLE INITIALLY DEFERRED;


--
-- Name: auth_user_user_permissions auth_user_user_permissions_user_id_a95ead1b_fk_auth_user_id; Type: FK CONSTRAINT; Schema: public; Owner: postgres
--

ALTER TABLE ONLY public.auth_user_user_permissions
    ADD CONSTRAINT auth_user_user_permissions_user_id_a95ead1b_fk_auth_user_id FOREIGN KEY (user_id) REFERENCES public.auth_user(id) DEFERRABLE INITIALLY DEFERRED;


--
-- Name: django_admin_log django_admin_log_content_type_id_c4bce8eb_fk_django_co; Type: FK CONSTRAINT; Schema: public; Owner: postgres
--

ALTER TABLE ONLY public.django_admin_log
    ADD CONSTRAINT django_admin_log_content_type_id_c4bce8eb_fk_django_co FOREIGN KEY (content_type_id) REFERENCES public.django_content_type(id) DEFERRABLE INITIALLY DEFERRED;


--
-- Name: django_admin_log django_admin_log_user_id_c564eba6_fk_auth_user_id; Type: FK CONSTRAINT; Schema: public; Owner: postgres
--

ALTER TABLE ONLY public.django_admin_log
    ADD CONSTRAINT django_admin_log_user_id_c564eba6_fk_auth_user_id FOREIGN KEY (user_id) REFERENCES public.auth_user(id) DEFERRABLE INITIALLY DEFERRED;


--
-- Name: webapp_bitacora webapp_bitacora_user_id_1f256b68_fk_auth_user_id; Type: FK CONSTRAINT; Schema: public; Owner: postgres
--

ALTER TABLE ONLY public.webapp_bitacora
    ADD CONSTRAINT webapp_bitacora_user_id_1f256b68_fk_auth_user_id FOREIGN KEY (user_id) REFERENCES public.auth_user(id) DEFERRABLE INITIALLY DEFERRED;


--
-- Name: webapp_persona webapp_persona_user_id_05aab386_fk_auth_user_id; Type: FK CONSTRAINT; Schema: public; Owner: postgres
--

ALTER TABLE ONLY public.webapp_persona
    ADD CONSTRAINT webapp_persona_user_id_05aab386_fk_auth_user_id FOREIGN KEY (user_id) REFERENCES public.auth_user(id) DEFERRABLE INITIALLY DEFERRED;


--
-- Name: webapp_unidad webapp_unidad_nombre_secretaria_id_54b8e13e_fk_webapp_se; Type: FK CONSTRAINT; Schema: public; Owner: postgres
--

ALTER TABLE ONLY public.webapp_unidad
    ADD CONSTRAINT webapp_unidad_nombre_secretaria_id_54b8e13e_fk_webapp_se FOREIGN KEY (nombre_secretaria_id) REFERENCES public.webapp_secretaria(id) DEFERRABLE INITIALLY DEFERRED;


--
-- Name: webapp_usuariocargounidad webapp_usuariocargou_nombre_cargo_id_d42cde0b_fk_webapp_ca; Type: FK CONSTRAINT; Schema: public; Owner: postgres
--

ALTER TABLE ONLY public.webapp_usuariocargounidad
    ADD CONSTRAINT webapp_usuariocargou_nombre_cargo_id_d42cde0b_fk_webapp_ca FOREIGN KEY (nombre_cargo_id) REFERENCES public.webapp_cargo(id) DEFERRABLE INITIALLY DEFERRED;


--
-- Name: webapp_usuariocargounidad webapp_usuariocargou_nombre_unidad_id_5ccadb4d_fk_webapp_un; Type: FK CONSTRAINT; Schema: public; Owner: postgres
--

ALTER TABLE ONLY public.webapp_usuariocargounidad
    ADD CONSTRAINT webapp_usuariocargou_nombre_unidad_id_5ccadb4d_fk_webapp_un FOREIGN KEY (nombre_unidad_id) REFERENCES public.webapp_unidad(id) DEFERRABLE INITIALLY DEFERRED;


--
-- Name: webapp_usuariocargounidad webapp_usuariocargounidad_user_id_f36bf967_fk_auth_user_id; Type: FK CONSTRAINT; Schema: public; Owner: postgres
--

ALTER TABLE ONLY public.webapp_usuariocargounidad
    ADD CONSTRAINT webapp_usuariocargounidad_user_id_f36bf967_fk_auth_user_id FOREIGN KEY (user_id) REFERENCES public.auth_user(id) DEFERRABLE INITIALLY DEFERRED;


--
-- PostgreSQL database dump complete
--

